POP	PC1	PC2	PC3	PC4	PC5	PC6	PC7	PC8	PC9	PC10
AFR	-6091.7373	-227.11822	-1181.93356	-14196.001	6086.5381	3785.1046	1218.938916	-1801.14296	-1095.675029	-1488.8892
EAS	18631.784	8817.579	-2088.1251	-14217.679	6796.3672	4603.6468	1398.533183	-2457.0311	-704.917797	-1873.0916
EUR	15574.313	-12637.205	-3198.6298	-12591.431	6372.9904	4594.7652	1432.9428	-2371.77848	-1236.37052	-1544.0187
SAS	15067.717	-6251.3595	4447.3122	-16840.347	6400.147	4586.771	1340.78449	-2422.0192	-1158.43507	-1695.0919
